{
    "questions": [
        {
            "question": "Berechne: (-5) + (-3) = ?",
            "answers": [
                { "text": "-8", "correct": true },
                { "text": "2", "correct": false },
                { "text": "-2", "correct": false },
                { "text": "-15", "correct": false }
            ]
        },
        {
            "question": "Berechne: (-7) + 4 = ?",
            "answers": [
                { "text": "-3", "correct": true },
                { "text": "3", "correct": false },
                { "text": "-11", "correct": false },
                { "text": "7", "correct": false }
            ]
        },
        {
            "question": "Berechne: 6 - (-2) = ?",
            "answers": [
                { "text": "8", "correct": true },
                { "text": "4", "correct": false },
                { "text": "-4", "correct": false },
                { "text": "-8", "correct": false }
            ]
        },
        {
            "question": "Berechne: (-9) - (-3) = ?",
            "answers": [
                { "text": "-6", "correct": true },
                { "text": "6", "correct": false },
                { "text": "-12", "correct": false },
                { "text": "3", "correct": false }
            ]
        },
        {
            "question": "Berechne: (-4) × (-3) = ?",
            "answers": [
                { "text": "12", "correct": true },
                { "text": "-12", "correct": false },
                { "text": "-7", "correct": false },
                { "text": "-1", "correct": false }
            ]
        },
        {
            "question": "Berechne: (-8) × 2 = ?",
            "answers": [
                { "text": "-16", "correct": true },
                { "text": "16", "correct": false },
                { "text": "-6", "correct": false },
                { "text": "-10", "correct": false }
            ]
        },
        {
            "question": "Berechne: (-10) ÷ (-2) = ?",
            "answers": [
                { "text": "5", "correct": true },
                { "text": "-5", "correct": false },
                { "text": "-2", "correct": false },
                { "text": "10", "correct": false }
            ]
        },
        {
            "question": "Berechne: 9 ÷ (-3) = ?",
            "answers": [
                { "text": "-3", "correct": true },
                { "text": "3", "correct": false },
                { "text": "-6", "correct": false },
                { "text": "-9", "correct": false }
            ]
        },
        {
            "question": "Berechne: (-2) + 7 = ?",
            "answers": [
                { "text": "5", "correct": true },
                { "text": "-5", "correct": false },
                { "text": "-9", "correct": false },
                { "text": "2", "correct": false }
            ]
        },
        {
            "question": "Berechne: (-6) - 4 = ?",
            "answers": [
                { "text": "-10", "correct": true },
                { "text": "10", "correct": false },
                { "text": "-2", "correct": false },
                { "text": "2", "correct": false }
            ]
        }
    ]
}
