{
    "questions": [
        {
            "question": "Was ist 5 + 3?",
            "answers": [
                { "text": "8", "correct": true },
                { "text": "7", "correct": false },
                { "text": "9", "correct": false }
            ]
        },
        {
            "question": "Was ist 9 - 6?",
            "answers": [
                { "text": "3", "correct": true },
                { "text": "2", "correct": false },
                { "text": "4", "correct": false }
            ]
        },
        {
            "question": "Was ist 4 × 3?",
            "answers": [
                { "text": "12", "correct": true },
                { "text": "16", "correct": false },
                { "text": "14", "correct": false }
            ]
        },
        {
            "question": "Was ist 15 ÷ 3?",
            "answers": [
                { "text": "5", "correct": true },
                { "text": "4", "correct": false },
                { "text": "6", "correct": false }
            ]
        },
        {
            "question": "Was ist 7 + 6?",
            "answers": [
                { "text": "13", "correct": true },
                { "text": "12", "correct": false },
                { "text": "14", "correct": false }
            ]
        },
        {
            "question": "Was ist 20 - 8?",
            "answers": [
                { "text": "12", "correct": true },
                { "text": "14", "correct": false },
                { "text": "11", "correct": false }
            ]
        },
        {
            "question": "Was ist 3 × 7?",
            "answers": [
                { "text": "21", "correct": true },
                { "text": "24", "correct": false },
                { "text": "18", "correct": false }
            ]
        }
    ]
}
