{
  "questions": [
      {
          "question": "Berechne: 1/4 + 1/4 = ?",
          "answers": [
              { "text": "1/2", "correct": true },
              { "text": "2/4", "correct": true },
              { "text": "1/4", "correct": false },
              { "text": "3/4", "correct": false }
          ]
      },
      {
          "question": "Berechne: 2/5 + 1/5 = ?",
          "answers": [
              { "text": "3/5", "correct": true },
              { "text": "2/10", "correct": false },
              { "text": "3/10", "correct": false },
              { "text": "5/5", "correct": false }
          ]
      },
      {
          "question": "Berechne: 3/7 + 2/7 = ?",
          "answers": [
              { "text": "5/7", "correct": true },
              { "text": "6/7", "correct": false },
              { "text": "3/14", "correct": false },
              { "text": "1/7", "correct": false }
          ]
      },
      {
          "question": "Berechne: 5/6 - 1/6 = ?",
          "answers": [
              { "text": "4/6", "correct": true },
              { "text": "2/3", "correct": false },
              { "text": "5/7", "correct": false },
              { "text": "3/6", "correct": false }
          ]
      },
      {
          "question": "Berechne: 7/8 - 3/8 = ?",
          "answers": [
              { "text": "4/8", "correct": true },
              { "text": "1/2", "correct": false },
              { "text": "3/8", "correct": false },
              { "text": "7/8", "correct": false }
          ]
      },
      {
          "question": "Berechne: 1/2 + 1/3 = ?",
          "answers": [
              { "text": "3/6", "correct": false },
              { "text": "2/6", "correct": false },
              { "text": "5/6", "correct": true }
          ]
      },
      {
          "question": "Berechne: 4/9 + 2/9 = ?",
          "answers": [
              { "text": "6/9", "correct": true },
              { "text": "2/3", "correct": false },
              { "text": "5/9", "correct": false },
              { "text": "4/9", "correct": false }
          ]
      },
      {
          "question": "Berechne: 5/12 - 1/12 = ?",
          "answers": [
              { "text": "4/12", "correct": true },
              { "text": "1/3", "correct": false },
              { "text": "5/6", "correct": false },
              { "text": "3/12", "correct": false }
          ]
      },
      {
          "question": "Berechne: 3/5 - 2/5 = ?",
          "answers": [
              { "text": "1/5", "correct": true },
              { "text": "2/5", "correct": false },
              { "text": "3/5", "correct": false },
              { "text": "4/5", "correct": false }
          ]
      },
      {
          "question": "Berechne: 2/7 + 3/14 = ?",
          "answers": [
              { "text": "7/14", "correct": true },
              { "text": "5/14", "correct": false },
              { "text": "4/7", "correct": false },
              { "text": "6/14", "correct": false }
          ]
      }
  ]
}
