{
  "questions": [
    {
      "question": "Wie berechnet man die Wahrscheinlichkeit eines Ereignisses?",
      "answers": [
        { "text": "günstige Fälle / mögliche Fälle", "correct": true },
        { "text": "mögliche Fälle / günstige Fälle", "correct": false },
        { "text": "Anzahl der Ereignisse mal 100", "correct": false },
        { "text": "Summe aller Wahrscheinlichkeiten", "correct": false }
      ]
    },
    {
      "question": "Die Wahrscheinlichkeit liegt immer zwischen 0 (unmöglich) und 1 (sicher).",
      "answers": [
        { "text": "Wahr", "correct": true },
        { "text": "Falsch", "correct": false }
      ]
    },
    {
      "question": "Wie hoch ist die Wahrscheinlichkeit, bei einem fairen W6-Würfel eine 6 zu würfeln?",
      "answers": [
        { "text": "1/6", "correct": true },
        { "text": "1/2", "correct": false },
        { "text": "1/3", "correct": false },
        { "text": "1/12", "correct": false }
      ]
    },
    {
      "question": "Wie hoch ist die Wahrscheinlichkeit, zweimal hintereinander eine 6 zu würfeln?",
      "answers": [
        { "text": "1/36", "correct": true },
        { "text": "1/12", "correct": false },
        { "text": "1/18", "correct": false },
        { "text": "1/6", "correct": false }
      ]
    },
    {
      "question": "Welche Aussagen zur Wahrscheinlichkeitsrechnung sind richtig?",
      "answers": [
        { "text": "Die Wahrscheinlichkeit für ein Ereignis kann nie größer als 1 sein.", "correct": true },
        { "text": "Je mehr günstige Fälle es gibt, desto niedriger ist die Wahrscheinlichkeit.", "correct": false },
        { "text": "Die Summe aller Wahrscheinlichkeiten eines Ereignisraums ergibt 1.", "correct": true },
        { "text": "Wenn die Wahrscheinlichkeit 0 ist, kann das Ereignis trotzdem eintreten.", "correct": false }
      ]
    }
  ]
}
